is,ih.z
semantically,s.ih.m/ae.n.t/ih/k.ah.l/l.iy
interoperable,ih.n/t.er.er/aa.p/er.er/ah/b.ah|l._
standardisation,s.t.ae.n/d.er.er.d/ih/z.ey/sh.ah.ah.n
advert,ae.d/v.er.er.t
quacking,k.w.ae.k/k.ih.ng.ng
antivirus,ae.n/t.iy/v.ay/r.ah.s
carb,k.aa.r.b
changelog,ch.ch.ey.n.jh._/l.ao.g
Neuroimaging,n.uh.uh/r.ow/ih.m/ih/jh.ih.ng.ng
dysorthographia,d.ih.s/ao.r/th.th.ow/g.r.ae/f.f.y/ah
comorbidity,k.ow/m.ao.r/b.ih/d.ah/t.iy
segmenting,s.eh.g/m.ah.n.t/ih.ng.ng
dysgraphia,d.ih.s/g.r.ae/f.f.y/ah
orthographic,ao.r/th.th.ow/g.r.ae/f.f.ih.k
neurobiological,n.uh.uh/r.ow/b.ay/ah/l.aa.jh/ih/k.ah.l
cerebellum,s.eh/r.ah/b.eh.l/l.ah.m
automatization,ao.ao/t.ow/m.ah/t.ah/z.ey/sh.ah.ah.n
hemispheres,hh.eh.m/ih.s/f.f.ih.r._.z
nonlexical,n.aa.n/l.eh.k|s/ih/k.ah.l
sublexical,s.ah.b/l.eh.k|s/ih/k.ah.l
graphemes,g.r.ae.f.f/iy.m._.z
subcategorized,s.ah.b/k.ae.t/ah/g.er.er/ay.z._.d
neurodevelopmental,n.uh.uh/r.ow/d.ih.v/eh.l/ah.p/m.eh.n/t.ah.l
multidisciplinary,m.ah.l/t.iy/d.ih/s._.ah/p.l.ah/n.eh/r.iy
arial,eh.r/iy.ah.l
monographic,m.ow/n.ow/g.r.ae/f.f.ih.k
correspondences,k.ao.r/r.ah/s.p.aa.n.d/ah.n.s/ih.z
dyscalculia,d.ih.s/k.ae.l/k.y|uw/l.y/ah
zingy,z.ih.ng.ng/iy
grapheme,g.r.ae.f.f/iy.m._
anime,ae.n/ih/m.ey
optimized,aa.p/t.ih/m.ay.z._.d
approx,ah.p/p.r.aa.k|s
deliverables,d.ih/l.ih.v/er.er/ah/b.ah.l.z
toolkit,t.uw.uw.l/k.ih.t
harmonise,hh.aa.r/m.ah.n/ay.z._
classifieds,k.l.ae.s/s.ah/f.ay.ay.d.z
colours,k.ah.l/er.er.er.z
multifactorial,m.ah.l/t.iy/f.ae.k/t.ao/r.iy/ah.l
customise,k.ah.s/t.ah.m/ay.z._
bool,b.uw.uw.l
cams,k.ae.m.z
homepage,hh.ow.m._/p.ey.jh._
paypal,p.ey.ey/p.ae.l
sitemap,s.ay.t._/m.ae.p
livecam,l.ay.v._/k.ae.m
thongs,th.th.ao.ng.ng.z
ringtone,r.ih.ng.ng/t.ow.n._
firefox,f.ay.er._/f.aa.k|s
config,k.ah.n/f.ih.g
wishlist,w.ih.sh.sh/l.ih.s.t
webcam,w.eh.b/k.ae.m
eminem,eh.m/ih.n/eh.m
plugin,p.l.ah.g/ih.n
latinas,l.aa/t.iy/n.ah.z
archived,aa.r/k.k.ay.v._.d
mozilla,m.ow/z.ih.l/l.ah
untitled,ah.n/t.ay/t.ah|l._.d
filename,f.ay.l._/n.ey.m._
signup,s.ay._.n/ah.p
ebook,iy/b.uh.uh.k
ebooks,iy/b.uh.uh.k.s
gamespot,g.ey.m._/s.p.aa.t
meetup,m.iy.iy.t/ah.p
playlist,p.l.ey.ey/l.ih.s.t
plugins,p.l.ah.g/ih.n.z
naturals,n.ae.ch/er.er/ah.l.z
hotmail,hh.aa.t/m.ey.ey.l
howto,hh.aw.aw/t.uw
webcams,w.eh.b/k.ae.m.z
smilies,s.m.ay/l.iy.iy.z
podcasts,p.ao.d/k.ae.s.t.s
webpage,w.eh.b/p.ey.jh._
runtime,r.ah.n/t.ay.m._
username,y|uw/z.er.er/n.ey.m._
jabbering,jh.ae.b/b.er.er/ih.ng.ng
firmware,f.er.er.m/w.eh.r._
lightbox,l.ay._._.t/b.aa.k|s
insanely,ih.n/s.ey.n._/l.iy
meringue,m.er.r/ae.n.g._._
weeknight,w.iy.iy.k/n.ay._._.t
flavours,f.l.ey/v.er.er.er.z
contentsquare,k.aa.n/t.eh.n.t/s.k.w.eh.r._
readapt,r.iy/ah/d.ah.p.t
assistive,ah.s/s.iy.s/t.iy.v._
customization,k.ah.s/t.ah.m/ay/z.ey/sh.ah.ah.n
neuroimaging,n.uh.uh/r.ow/ih.m/ih/jh.ih.ng.ng
impactful,ih.m/p.ae.c.t/f.u.l
inbox,ih.n/b.aa.k|s
github,g.ih.t/h.ah.b
