obstructives,o.b/s.t.r.u/c.t.i.v.e._
malvoyants,m.a.l/v.oi/y.an.an._._
malvoyant,m.a.l/v.oi/y.an.an._
développementale,d.é/v._.l.o.p/p._.m.an.an/t.a.l._
contextuelle,c.on.on/t.è.ks/t.u/è.l.l._
neurosciences,n.eu.eu/r.o.s/_.i.an.an/s._._
dyscalculie,d.i.s/c.a.l/c.u/l.i._
dysphasie,d.i.s/f.f.a/z.i._
dys,d.i.s
dyspraxie,d.i.s/p.r.a.ks/i._
coordinations,c.ô/o.r/d.i/n.a/s.i.on.on._
praxies,p.r.a/ks.i._._
répertorient,r.é/p.è.r/t.o/r.i._._._
dyslexiques,d.i.s/l.é.ks/i.k._._._
dysorthographiques,d.i.s/o.r/t._.ô/g.r.a/f.f.i/c._._._
développementales,d.e/v._.l.o.p/p._.m.an.an/t.a.l._._
orthophonique,o.r/t._.ô/f.f.ô/n.i.c._._
neuro,n.e.e/r.ô
phonologique,f.f.ô/n.ô/l.ô/j.i.c._._
dysorthographie,d.i.s/o.r/t._.ô/g.r.a/f.f.i._
fur,f.u.r
automatise,ô.ô/t.ô/m.a/t.i.z._
dysgraphie,d.i.s/g.r.a/f.f.i._
fatigabilité,f.a/t.i/g.a/b.i/l.i/t.é
orthographiée,o.r/t._.ô/g.r.a/f.f.i.é._
orthographier,o.r/t._.ô/g.r.a/f.f.i.é.é
fragilisation,f.r.a/j.i/l.i/z.a/s.i.o.n
blog,b.l.o.g
détécter,d.é/t.é.c/t.é.é
référent,r.é/f.é/r.an.an._
référents,r.é/f.é/r.an.an._._
démarche,d.é/m.a.r/ch.ch._
démarches,d.é/m.a.r/ch.ch._._
explicitée,e.ks/p.l.i/s.i/t.é._
rééducations,r.é/é/d.u/c.a/s.i.on.on._
médico,m.é/d.i/c.o
prioritairement,p.r.i/o/r.i/t.è.è.r/_.m.an.an._
scolarisé,s.c.o/l.a/r.i/z.é
pluri,p.l.u/r.i
scolarisés,s.c.o/l.a/r.i/z.é._
éducation,é/d.u/c.a/s.i.on.on
polyhandicap,p.o/l.i/_.an.an/d.i/c.a.p
france,f.r.an.an/s._
diagnostiquer,d.i.a/g.n.o/s.t.i/c._.é.é
lexique,l.é/ks.i/c._._
syntaxe,s.un.un/t.a/ks._
restitutions,r.é/s.t.i/t.u/s.i.on.on._
visuo,v.i/z.u.o
procéduraux,p.r.o/s.é/d.u/r.ô.ô._
attentionnels,a.t/t.an.an/s.i.o.n/n.è.l._
exécutives,é/ks.é/c.u/t.i.v._._
distractivité,d.i.s/t.r.a.c/t.i/v.i/t.é
interpersonnelles,un.un/t.è.r/p.è.r/s.o.n/n.è.l.l._._
psychomotricien,p.s.i/c.c.ô/m.o.t/r.i/s.i.un.un
référents,r.é/f.é/r.an.an._._
rééducateurs,r.é/é/d.u/c.a/t.eu.eu.r._
pédopsychiatres,p.é/d.ô/p.s.i/c.c.i.a/t.r._._
ergothérapique,è.r/g.o/t._.é/r.a/p.i.c._._
préhension,p.r.é/_.an.an/s.i.on.on
neuropsychologique,n.eu.eu/r.o/p.s.i/c.c.ô/l.o/g.i.c._._
instrumentales,un.un/s.t.r.u/m.an.an/t.a.l._._
logico,l.ô/j.i/c.o
neurobiologiques,n.eu.eu/r.o/b.i.o/l.o/j.i.c._._._
plurielles,p.l.u/r.i.è.l.l._._
orthoptistes,o.r/t._.ô/p.t.i.s/t._._
pédo,p.é/d.o
neuro,n.eu.eu/r.ô
bureautiques,b.u/r.ô.ô.ô/t.i/c._._._
entrepreunariat,an.an/t.r.eu/p.r.eu.eu/n.a/r.i.a._
pluridisciplinaire,p.l.u/r.i/d.i.s/s.i/p.l.i/n.è.è.r._
postulez,p.o.s/t.u/l.é.é
employabilité,an.an/p.l.oi/y.a/b.i/l.i/t.é
europe,eu.eu/r.o.p._
neuropsychologie,n.eu.eu/r.o/p.s.i/c.c.ô/l.o/g.i._
marseille,m.a.r/s.è.y.y.y._
mutualisé,m.u/t.u/a/l.i/z.é
interopérabilité,in.in/t.é/r.o/p.é/r.a/b.i/l.i/t.é
contentsquare,c.o.n/t.è.n.t/s.c.w.è.r._
septante,s.é.p/t.an.an/t._
nonante,n.an/n.an.an/t._
huitante,#.u.i/t.an.an/t._
octante,o.c/t.an.an/t._
foundation,f.ou.ou.n/d.a/s.i.on.on
médiathèque,m.é/d.i.a/t._.è.c._._
médiathèques,m.é/d.i.a/t._.è.c._._._
ludothèque,l.u/d.o/t._.è.c._._
ludothèques,l.u/d.o/t._.è.c._._._
noème,n.o/è.m._
noèmes,n.o/è.m._._
noèse,n.o/è.z._
noématique,n.o/é/m.a/t.i.c._._
hypotypose,_.i/p.o/t.i/p.o.z._
eccéité,é/c._.é/i/t.é
hyperbate,_.i/p.è.r/b.a.t._
nosographie,n.o/z.o/g.r.a/f._.i._
